Player,Age,Team,Pos,G,GS,MP,FG,FGA,FG%,3P,3PA,3P%,2P,2PA,2P%,eFG%,FT,FTA,FT%,ORB,DRB,TRB,AST,STL,BLK,TOV,PF,PTS
Jalen Brunson,29.0,NYK,PG,19.0,19.0,36.9,10.1,21.7,0.465,2.4,6.5,0.363,7.7,15.2,0.509,0.519,5.8,6.8,0.846,0.6,2.6,3.2,6.1,1.2,0.0,2.7,2.1,28.4
Cade Cunningham,24.0,DET,PG,14.0,14.0,40.9,9.1,21.0,0.432,2.9,7.3,0.402,6.1,13.7,0.448,0.502,7.1,8.2,0.861,0.9,4.2,5.1,7.5,1.1,0.6,5.6,3.1,28.1
Shai Gilgeous-Alexander,27.0,OKC,PG,15.0,15.0,36.3,8.8,19.0,0.463,1.2,3.9,0.305,7.6,15.1,0.504,0.495,8.8,9.9,0.892,0.4,2.5,2.9,7.9,1.3,0.9,3.1,2.3,27.6
Paolo Banchero,23.0,ORL,PF,7.0,7.0,39.0,8.6,20.4,0.42,2.0,6.0,0.333,6.6,14.4,0.455,0.469,7.1,10.6,0.676,1.3,7.7,9.0,6.3,1.4,0.7,3.4,2.6,26.3
Dillon Brooks,30.0,PHO,SF,4.0,4.0,37.3,9.8,21.3,0.459,3.5,8.0,0.438,6.3,13.3,0.472,0.541,3.0,3.0,1.0,1.3,4.8,6.0,1.8,0.3,0.3,1.5,4.5,26.0
Donovan Mitchell,29.0,CLE,SG,18.0,18.0,36.2,9.5,21.1,0.451,2.8,8.7,0.327,6.7,12.4,0.538,0.518,4.2,5.1,0.815,0.8,4.0,4.8,3.1,1.2,0.3,2.6,3.1,26.0
Nikola Jokić,30.0,DEN,C,6.0,6.0,39.5,9.0,20.2,0.446,1.2,6.0,0.194,7.8,14.2,0.553,0.475,6.7,7.2,0.93,1.5,11.7,13.2,9.5,1.0,0.8,3.8,3.5,25.8
Jaylen Brown,29.0,BOS,SF,7.0,7.0,35.6,9.3,20.4,0.455,2.4,6.0,0.405,6.9,14.4,0.475,0.514,4.7,6.6,0.717,1.6,4.1,5.7,3.3,0.9,1.1,3.6,3.0,25.7
Scottie Barnes,24.0,TOR,PF,7.0,7.0,39.0,8.4,16.6,0.509,1.1,3.0,0.381,7.3,13.6,0.537,0.543,6.1,7.7,0.796,1.6,4.6,6.1,8.6,1.1,1.7,3.4,3.0,24.1
RJ Barrett,25.0,TOR,SF,7.0,7.0,38.7,9.0,18.9,0.477,2.4,6.3,0.386,6.6,12.6,0.523,0.542,3.7,5.9,0.634,2.0,5.0,7.0,4.0,1.3,0.3,3.6,3.4,24.1
Joel Embiid,31.0,PHI,C,7.0,7.0,33.3,8.1,17.7,0.46,0.7,4.0,0.179,7.4,13.7,0.542,0.48,7.0,8.4,0.831,1.1,6.1,7.3,5.4,0.3,0.9,2.1,2.4,24.0
Victor Wembanyama,22.0,SAS,C,22.0,22.0,34.1,8.0,16.5,0.485,1.8,5.2,0.342,6.2,11.3,0.55,0.539,6.0,7.1,0.847,2.5,8.4,10.9,2.7,1.0,3.5,2.7,2.5,23.8
Tyrese Maxey,25.0,PHI,PG,11.0,11.0,39.7,8.7,19.2,0.455,2.4,6.7,0.351,6.4,12.5,0.511,0.517,3.9,4.4,0.896,0.4,3.6,4.0,5.9,0.8,0.4,2.1,2.0,23.7
Jamal Murray,28.0,DEN,PG,6.0,6.0,39.7,7.7,21.5,0.357,1.8,7.0,0.262,5.8,14.5,0.402,0.399,6.5,6.7,0.975,1.2,3.8,5.0,5.7,0.8,0.3,2.2,1.7,23.7
Jayson Tatum,27.0,BOS,PF,6.0,6.0,36.3,8.0,16.8,0.475,3.2,8.7,0.365,4.8,8.2,0.592,0.569,4.2,5.3,0.781,1.0,9.7,10.7,6.8,1.2,0.0,2.8,1.8,23.3
LeBron James,41.0,LAL,SF,10.0,10.0,38.4,8.4,18.3,0.459,1.7,5.2,0.327,6.7,13.1,0.511,0.505,4.7,6.3,0.746,0.4,6.3,6.7,7.3,1.3,0.3,3.8,1.6,23.2
Kevin Durant,37.0,HOU,SF,1.0,1.0,41.0,7.0,12.0,0.583,1.0,4.0,0.25,6.0,8.0,0.75,0.625,8.0,9.0,0.889,2.0,4.0,6.0,4.0,1.0,1.0,9.0,4.0,23.0
Deni Avdija,25.0,POR,SF,5.0,5.0,34.8,7.0,15.6,0.449,1.4,4.0,0.35,5.6,11.6,0.483,0.494,6.8,9.4,0.723,0.6,5.4,6.0,4.6,0.4,0.6,3.4,3.8,22.2
Jalen Green,23.0,PHO,SG,4.0,4.0,37.8,8.0,20.8,0.386,1.8,8.5,0.206,6.3,12.3,0.51,0.428,4.0,5.0,0.8,1.3,4.0,5.3,3.5,2.0,0.3,3.3,2.0,21.8
Anthony Edwards,24.0,MIN,SG,10.0,8.0,32.4,7.7,18.0,0.428,2.0,6.3,0.317,5.7,11.7,0.487,0.483,4.2,5.1,0.824,0.5,5.2,5.7,2.7,0.5,0.7,2.5,2.9,21.6
Devin Booker,29.0,PHO,SG,4.0,4.0,38.3,7.3,15.8,0.46,1.3,5.0,0.25,6.0,10.8,0.558,0.5,5.5,7.0,0.786,2.5,1.8,4.3,4.8,0.3,0.3,4.0,3.8,21.3
Alperen Şengün,23.0,HOU,C,6.0,6.0,38.7,7.7,16.5,0.465,0.2,1.3,0.125,7.5,15.2,0.495,0.47,4.8,7.0,0.69,3.5,6.7,10.2,4.7,1.8,1.3,3.0,3.5,20.3
OG Anunoby,28.0,NYK,PF,17.0,17.0,34.5,6.5,11.6,0.561,2.6,5.3,0.489,3.9,6.4,0.62,0.672,4.5,5.2,0.854,0.9,5.4,6.3,1.6,1.5,1.1,0.6,2.6,20.1
Austin Reaves,27.0,LAL,SG,6.0,5.0,36.8,6.2,15.2,0.407,1.5,5.8,0.257,4.7,9.3,0.5,0.456,6.2,7.2,0.86,0.5,3.5,4.0,5.8,0.0,1.2,4.5,3.5,20.0
Jalen Johnson,24.0,ATL,SF,6.0,6.0,35.7,6.7,15.3,0.435,1.5,5.2,0.29,5.2,10.2,0.508,0.484,4.7,5.3,0.875,1.0,6.7,7.7,5.2,0.8,0.3,2.3,3.3,19.5
James Harden,36.0,CLE,PG,18.0,18.0,37.3,5.7,13.8,0.41,2.1,7.1,0.299,3.6,6.8,0.525,0.486,5.7,6.9,0.831,0.7,4.4,5.1,5.5,1.7,0.7,4.7,2.6,19.2
CJ McCollum,34.0,ATL,PG,6.0,6.0,32.0,7.7,16.5,0.465,1.7,5.5,0.303,6.0,11.0,0.545,0.515,2.2,4.0,0.542,1.2,1.8,3.0,2.0,1.0,1.2,3.5,2.3,19.2
Amen Thompson,23.0,HOU,PG,6.0,6.0,44.0,7.0,14.3,0.488,0.3,1.3,0.25,6.7,13.0,0.513,0.5,4.8,6.8,0.707,2.5,4.5,7.0,5.7,2.0,1.2,2.5,3.2,19.2
Stephon Castle,21.0,SAS,PG,23.0,23.0,33.0,5.9,12.9,0.459,1.5,4.3,0.35,4.4,8.5,0.515,0.519,4.8,5.9,0.816,1.4,3.6,5.0,6.1,0.9,0.3,3.5,3.9,18.2
Desmond Bane,27.0,ORL,SG,7.0,7.0,36.1,6.1,15.7,0.391,3.6,8.3,0.431,2.6,7.4,0.346,0.505,2.3,2.9,0.8,1.4,3.3,4.7,1.9,1.9,0.3,1.6,4.0,18.1
Tobias Harris,33.0,DET,PF,14.0,14.0,34.6,6.5,15.3,0.425,1.4,4.6,0.292,5.1,10.6,0.483,0.47,3.7,4.5,0.825,1.1,6.1,7.2,1.6,1.5,0.8,1.1,2.6,18.1
Rui Hachimura,27.0,LAL,PF,10.0,10.0,38.6,6.7,12.2,0.549,3.3,5.8,0.569,3.4,6.4,0.531,0.684,0.8,1.1,0.727,0.6,3.4,4.0,1.7,0.9,0.6,0.9,2.8,17.5
Jabari Smith Jr.,22.0,HOU,PF,6.0,6.0,42.0,5.5,14.2,0.388,3.2,8.5,0.373,2.3,5.7,0.412,0.5,3.3,4.3,0.769,2.0,6.5,8.5,1.8,1.0,0.7,1.0,2.8,17.5
Evan Mobley,24.0,CLE,PF,18.0,18.0,35.6,6.3,11.8,0.535,1.3,3.9,0.338,5.0,7.9,0.634,0.592,3.0,4.8,0.621,2.1,6.0,8.1,3.9,0.9,1.8,2.3,2.4,17.0
Franz Wagner,24.0,ORL,SF,4.0,4.0,30.5,6.3,14.3,0.439,0.8,2.3,0.333,5.5,12.0,0.458,0.465,3.5,3.8,0.933,1.0,4.5,5.5,3.5,2.8,0.3,1.5,2.0,16.8
Paul George,35.0,PHI,PF,11.0,11.0,35.8,5.9,12.9,0.458,3.2,6.5,0.493,2.7,6.5,0.423,0.581,1.4,1.8,0.75,0.5,3.4,3.9,3.0,1.3,0.5,2.0,2.5,16.4
Jrue Holiday,35.0,POR,PG,5.0,5.0,38.4,6.2,15.4,0.403,2.4,6.8,0.353,3.8,8.6,0.442,0.481,1.6,1.8,0.889,1.6,3.8,5.4,7.2,1.4,0.4,3.2,3.0,16.4
Jaden McDaniels,25.0,MIN,PF,12.0,12.0,33.8,6.5,14.7,0.443,0.8,3.5,0.238,5.7,11.2,0.507,0.472,2.5,2.9,0.857,2.3,3.4,5.8,2.4,0.5,0.7,1.4,4.4,16.3
Julius Randle,31.0,MIN,PF,12.0,12.0,33.3,5.6,14.3,0.39,0.8,3.4,0.244,4.8,10.9,0.435,0.419,4.0,5.4,0.738,2.5,5.0,7.5,2.8,0.5,0.1,2.8,3.4,16.0
Karl-Anthony Towns,30.0,NYK,C,19.0,19.0,30.4,5.4,9.8,0.551,1.4,3.0,0.456,4.1,6.8,0.592,0.62,3.7,4.1,0.909,2.5,8.1,10.6,4.9,1.3,1.3,2.6,4.1,15.9
Ayo Dosunmu,26.0,MIN,SG,10.0,4.0,29.2,5.7,11.4,0.5,1.7,4.0,0.425,4.0,7.4,0.541,0.575,2.5,2.7,0.926,0.7,2.9,3.6,4.1,0.9,0.4,1.5,2.8,15.6
De'Aaron Fox,28.0,SAS,PG,21.0,21.0,33.5,6.0,14.4,0.414,1.4,4.9,0.294,4.5,9.5,0.475,0.464,2.2,3.0,0.758,0.6,3.2,3.8,6.0,1.3,0.4,2.0,2.6,15.6
Ajay Mitchell,23.0,OKC,SG,11.0,7.0,28.8,5.7,12.5,0.46,1.2,3.6,0.325,4.5,8.8,0.515,0.507,2.5,2.7,0.9,1.2,2.5,3.7,4.3,1.5,0.1,1.4,1.8,15.1
Scoot Henderson,21.0,POR,PG,5.0,5.0,29.0,5.6,11.8,0.475,2.6,5.6,0.464,3.0,6.2,0.484,0.585,1.2,1.6,0.75,0.4,1.2,1.6,1.2,0.8,0.2,1.8,3.4,15.0
Chet Holmgren,23.0,OKC,PF,15.0,15.0,30.6,5.5,9.7,0.568,1.0,2.8,0.357,4.5,6.9,0.654,0.62,2.9,3.5,0.827,2.0,6.2,8.2,1.1,1.1,1.5,1.3,2.3,14.9
Payton Pritchard,28.0,BOS,PG,7.0,0.0,33.0,5.6,13.1,0.424,2.4,7.9,0.309,3.1,5.3,0.595,0.516,1.0,1.1,0.875,1.3,2.4,3.7,5.1,0.4,0.0,0.7,0.7,14.6
Collin Murray-Boyles,20.0,TOR,PF,7.0,0.0,27.3,6.0,9.1,0.656,0.0,0.4,0.0,6.0,8.7,0.689,0.656,2.4,3.1,0.773,3.0,3.4,6.4,2.4,1.3,1.1,1.9,2.3,14.4
Jalen Williams,24.0,OKC,SG,5.0,4.0,21.4,5.8,11.2,0.518,1.0,2.4,0.417,4.8,8.8,0.545,0.563,1.8,2.4,0.75,1.0,2.2,3.2,2.8,1.0,0.4,1.2,1.0,14.4
Cameron Johnson,29.0,DEN,SF,6.0,6.0,31.0,5.2,10.3,0.5,1.8,5.8,0.314,3.3,4.5,0.741,0.589,2.0,2.8,0.706,0.5,2.7,3.2,2.3,1.0,0.3,1.0,3.0,14.2
Dylan Harper,19.0,SAS,SG,23.0,2.0,26.7,5.2,10.1,0.515,1.0,3.0,0.333,4.2,7.1,0.591,0.564,2.7,3.3,0.827,1.3,4.3,5.6,2.7,1.0,0.2,1.5,2.3,14.1
VJ Edgecombe,20.0,PHI,SG,11.0,11.0,37.0,5.5,13.2,0.414,1.9,6.5,0.292,3.5,6.6,0.534,0.486,1.2,1.6,0.722,2.1,4.0,6.1,3.4,1.0,0.4,1.6,2.6,14.0
Tari Eason,24.0,HOU,PF,6.0,4.0,32.5,5.2,10.8,0.477,1.7,5.0,0.333,3.5,5.8,0.6,0.554,1.8,2.2,0.846,2.0,4.7,6.7,1.7,2.5,0.7,0.8,3.7,13.8
Nickeil Alexander-Walker,27.0,ATL,SG,6.0,6.0,35.5,4.5,11.8,0.38,3.0,7.2,0.419,1.5,4.7,0.321,0.507,1.7,2.5,0.667,0.5,1.8,2.3,2.7,0.5,0.8,2.8,2.0,13.7
Jonathan Kuminga,23.0,ATL,PF,6.0,0.0,26.0,4.8,10.0,0.483,0.8,4.0,0.208,4.0,6.0,0.667,0.525,3.2,4.3,0.731,1.0,2.3,3.3,1.0,0.5,0.5,1.0,2.7,13.7
Mikal Bridges,29.0,NYK,SF,19.0,19.0,32.0,5.5,9.9,0.559,1.2,3.3,0.365,4.3,6.6,0.656,0.62,1.2,1.3,0.92,0.4,2.8,3.2,2.7,1.0,0.3,0.9,1.9,13.5
Devin Vassell,25.0,SAS,SG,23.0,23.0,34.8,4.6,10.6,0.432,2.4,6.4,0.378,2.1,4.1,0.516,0.547,1.4,1.7,0.821,0.8,4.5,5.3,2.7,1.3,0.7,1.0,2.0,13.0
Marcus Smart,31.0,LAL,SG,10.0,10.0,34.5,3.9,9.9,0.394,1.7,5.0,0.34,2.2,4.9,0.449,0.48,3.4,4.3,0.791,1.0,2.5,3.5,5.1,2.4,1.0,3.5,3.1,12.9
Jarrett Allen,27.0,CLE,C,18.0,18.0,29.4,4.8,7.6,0.635,0.0,0.0,,4.8,7.6,0.635,0.635,3.1,5.3,0.579,3.2,4.0,7.2,1.1,1.0,1.7,0.9,2.0,12.7
Naz Reid,26.0,MIN,C,12.0,0.0,26.9,4.9,10.2,0.484,1.8,4.6,0.4,3.1,5.6,0.552,0.574,0.9,1.4,0.647,1.2,6.2,7.3,2.1,0.4,0.3,1.3,3.2,12.6
Onyeka Okongwu,25.0,ATL,C,6.0,6.0,33.2,4.7,8.0,0.583,1.7,3.7,0.455,3.0,4.3,0.692,0.688,1.5,2.0,0.75,1.3,5.3,6.7,2.3,1.2,0.8,1.2,3.5,12.5
Reed Sheppard,21.0,HOU,SG,6.0,5.0,32.0,4.5,14.7,0.307,2.7,9.0,0.296,1.8,5.7,0.324,0.398,0.5,0.7,0.75,0.2,0.8,1.0,4.7,2.2,0.8,2.0,2.3,12.2
Brandon Ingram,28.0,TOR,SF,5.0,5.0,29.6,3.8,11.6,0.328,1.0,2.6,0.385,2.8,9.0,0.311,0.371,3.4,4.6,0.739,0.4,2.8,3.2,2.2,0.6,0.8,2.0,2.0,12.0
Duncan Robinson,31.0,DET,SG,13.0,11.0,29.5,3.9,8.8,0.447,3.2,6.9,0.456,0.8,1.8,0.417,0.627,0.8,1.4,0.611,0.3,2.1,2.4,2.3,1.3,0.2,1.0,2.9,11.8
Terrence Shannon Jr.,25.0,MIN,SG,9.0,3.0,22.6,4.2,10.4,0.404,0.9,3.6,0.25,3.3,6.9,0.484,0.447,2.4,2.7,0.917,0.6,2.0,2.6,1.3,0.4,0.0,0.9,2.4,11.8
Kelly Oubre Jr.,30.0,PHI,SF,11.0,11.0,33.1,4.4,9.6,0.453,0.9,3.5,0.256,3.5,6.1,0.567,0.5,2.0,2.5,0.815,1.1,4.7,5.8,1.1,0.5,0.5,0.7,2.5,11.6
Luke Kennard,29.0,LAL,SG,10.0,5.0,32.6,3.9,8.0,0.488,1.8,3.8,0.474,2.1,4.2,0.5,0.6,1.9,2.3,0.826,0.3,3.2,3.5,2.3,0.9,0.1,1.4,1.6,11.5
Aaron Gordon,30.0,DEN,PF,3.0,3.0,29.7,4.0,10.0,0.4,1.0,4.7,0.214,3.0,5.3,0.563,0.45,2.3,3.3,0.7,1.3,4.0,5.3,2.3,0.0,0.3,0.3,3.0,11.3
Julian Champagnie,24.0,SAS,SF,23.0,23.0,30.7,3.8,8.5,0.444,2.7,6.7,0.396,1.1,1.8,0.619,0.599,1.0,1.3,0.767,0.9,4.8,5.7,1.6,1.3,0.5,0.6,2.2,11.2
Jalen Suggs,24.0,ORL,PG,7.0,7.0,35.4,3.7,12.4,0.299,1.9,7.7,0.241,1.9,4.7,0.394,0.374,1.9,2.0,0.929,0.7,3.3,4.0,4.1,1.9,0.6,3.0,3.9,11.1
Ja'Kobe Walter,21.0,TOR,SG,7.0,5.0,32.0,3.6,9.6,0.373,2.4,7.4,0.327,1.1,2.1,0.533,0.5,1.6,1.7,0.917,0.3,2.9,3.1,1.4,2.0,0.3,0.6,2.9,11.1
Derrick White,31.0,BOS,SG,7.0,7.0,35.9,3.7,11.6,0.321,2.1,7.9,0.273,1.6,3.7,0.423,0.414,1.6,1.9,0.846,1.4,1.9,3.3,3.1,0.9,1.4,1.6,1.7,11.1
Wendell Carter Jr.,26.0,ORL,C,7.0,7.0,33.9,3.6,6.9,0.521,0.7,2.6,0.278,2.9,4.3,0.667,0.573,3.1,4.4,0.71,2.9,4.1,7.0,2.9,0.6,1.7,1.4,4.0,11.0
Alex Caruso,31.0,OKC,SG,15.0,0.0,23.5,3.7,7.7,0.478,2.2,4.9,0.446,1.5,2.7,0.537,0.622,1.5,1.8,0.815,0.4,2.6,3.0,2.1,1.4,0.5,0.9,2.1,11.0
Donte DiVincenzo,29.0,MIN,SG,4.0,4.0,24.0,4.0,8.0,0.5,2.8,5.8,0.478,1.3,2.3,0.556,0.672,0.0,0.5,0.0,0.0,3.8,3.8,4.0,1.8,0.0,1.0,2.5,10.8
Tim Hardaway Jr.,33.0,DEN,SG,6.0,0.0,23.3,3.2,7.5,0.422,1.3,3.8,0.348,1.8,3.7,0.5,0.511,3.2,4.0,0.792,1.0,2.3,3.3,0.8,0.7,0.3,0.7,1.7,10.8
Collin Gillespie,26.0,PHO,PG,4.0,3.0,28.5,4.0,9.0,0.444,2.5,6.3,0.4,1.5,2.8,0.545,0.583,0.0,0.3,0.0,1.5,3.5,5.0,3.8,1.3,0.3,1.0,3.0,10.5
Jerami Grant,31.0,POR,PF,5.0,0.0,22.4,3.0,8.6,0.349,1.0,3.0,0.333,2.0,5.6,0.357,0.407,3.4,3.6,0.944,0.4,1.4,1.8,0.4,1.0,0.2,0.6,2.2,10.4
Josh Hart,30.0,NYK,SF,19.0,19.0,32.3,3.9,9.2,0.431,1.5,4.5,0.326,2.5,4.6,0.534,0.511,1.1,1.7,0.606,1.2,7.8,8.9,4.6,1.7,0.2,1.9,2.7,10.4
Jalen Duren,22.0,DET,C,14.0,14.0,30.1,4.0,7.8,0.514,0.0,0.0,,4.0,7.8,0.514,0.514,2.2,3.3,0.674,3.3,5.2,8.5,2.1,0.6,1.2,2.3,3.4,10.2
Deandre Ayton,27.0,LAL,C,10.0,10.0,28.5,4.6,8.4,0.548,0.0,0.0,,4.6,8.4,0.548,0.548,0.8,1.3,0.615,3.7,5.9,9.6,0.9,0.2,0.8,1.3,2.8,10.0
Jared McCain,21.0,OKC,SG,15.0,2.0,17.2,3.7,9.1,0.412,1.7,4.7,0.371,2.0,4.4,0.455,0.507,0.8,1.0,0.8,0.6,1.3,1.9,1.0,0.3,0.0,0.7,1.3,10.0
Max Strus,29.0,CLE,SF,18.0,4.0,26.7,3.1,7.7,0.406,2.1,5.9,0.358,1.0,1.8,0.563,0.543,1.2,1.3,0.917,1.6,3.3,4.8,2.1,0.8,0.2,1.3,3.3,9.6
Robert Williams,28.0,POR,C,5.0,0.0,21.6,4.4,7.0,0.629,0.6,1.8,0.333,3.8,5.2,0.731,0.671,0.2,0.6,0.333,3.2,4.2,7.4,2.6,0.6,1.2,0.4,1.0,9.6
Grayson Allen,30.0,PHO,SG,2.0,0.0,19.0,3.0,6.5,0.462,2.0,5.5,0.364,1.0,1.0,1.0,0.615,1.5,2.0,0.75,0.5,1.5,2.0,2.0,0.0,1.0,0.0,1.5,9.5
Neemias Queta,26.0,BOS,C,7.0,6.0,21.7,3.6,4.9,0.735,0.0,0.0,,3.6,4.9,0.735,0.735,2.1,2.7,0.789,1.7,6.9,8.6,0.6,0.1,0.9,0.9,4.1,9.3
Isaiah Hartenstein,27.0,OKC,C,15.0,15.0,23.3,3.8,6.0,0.633,0.0,0.1,0.0,3.8,5.9,0.64,0.633,1.5,2.0,0.767,3.3,5.0,8.3,2.6,0.8,0.7,1.7,3.2,9.1
Daniss Jenkins,24.0,DET,PG,14.0,3.0,22.7,3.1,8.7,0.361,1.1,4.2,0.271,2.0,4.5,0.444,0.426,1.7,2.2,0.774,0.9,1.7,2.6,3.0,0.4,0.4,0.7,1.6,9.1
Jamal Shead,23.0,TOR,PG,7.0,4.0,32.0,3.3,9.3,0.354,2.0,6.0,0.333,1.3,3.3,0.391,0.462,0.4,0.9,0.5,0.4,1.6,2.0,5.0,1.4,0.1,2.0,3.1,9.0
Anthony Black,22.0,ORL,PG,7.0,0.0,28.0,2.9,7.7,0.37,1.0,3.1,0.318,1.9,4.6,0.406,0.435,1.9,3.0,0.619,0.3,2.9,3.1,1.4,2.1,0.7,0.7,2.7,8.6
Cason Wallace,22.0,OKC,SG,15.0,2.0,24.9,3.1,6.4,0.479,2.0,4.1,0.484,1.1,2.3,0.471,0.635,0.5,0.5,0.875,1.3,2.5,3.8,2.4,2.1,0.5,0.7,2.0,8.6
Christian Braun,24.0,DEN,SG,6.0,6.0,31.2,2.5,6.0,0.417,1.0,2.3,0.429,1.5,3.7,0.409,0.5,2.3,3.2,0.737,0.3,3.2,3.5,1.7,1.0,0.8,0.7,2.2,8.3
Ausar Thompson,23.0,DET,SF,14.0,14.0,30.5,3.5,6.9,0.505,0.1,0.5,0.143,3.4,6.4,0.533,0.51,1.1,2.2,0.516,3.2,4.6,7.9,3.1,2.0,1.8,1.6,2.9,8.2
Sam Merrill,29.0,CLE,SG,17.0,0.0,19.9,2.4,5.6,0.427,1.7,4.6,0.372,0.7,1.1,0.667,0.578,1.2,1.5,0.84,0.5,0.8,1.2,1.1,0.5,0.0,0.5,2.4,7.8
Royce O'Neale,32.0,PHO,SF,4.0,0.0,24.3,2.3,3.5,0.643,2.0,3.3,0.615,0.3,0.3,1.0,0.929,1.3,1.5,0.833,1.0,5.3,6.3,2.3,0.5,0.3,1.0,3.0,7.8
Sam Hauser,28.0,BOS,PF,7.0,6.0,23.4,2.7,6.6,0.413,2.3,5.4,0.421,0.4,1.1,0.375,0.587,0.0,0.0,,1.3,3.0,4.3,0.9,0.1,0.1,0.3,1.4,7.7
Keldon Johnson,26.0,SAS,SF,23.0,0.0,17.9,2.9,7.0,0.407,0.9,2.5,0.362,2.0,4.5,0.433,0.472,1.1,1.9,0.581,1.3,2.0,3.3,0.9,0.7,0.1,1.0,2.3,7.7
Oso Ighodaro,23.0,PHO,PF,4.0,4.0,32.3,3.3,6.0,0.542,0.0,0.0,,3.3,6.0,0.542,0.542,1.0,1.5,0.667,3.0,4.0,7.0,4.0,0.5,0.8,1.8,3.8,7.5
Paul Reed,26.0,DET,C,9.0,0.0,9.6,3.1,4.7,0.667,0.2,0.6,0.4,2.9,4.1,0.703,0.69,1.0,1.3,0.75,2.0,2.0,4.0,0.6,0.1,0.7,0.8,1.6,7.4
Dyson Daniels,22.0,ATL,SG,6.0,6.0,27.7,3.0,6.8,0.439,0.7,2.3,0.286,2.3,4.5,0.519,0.488,0.7,1.0,0.667,1.5,4.7,6.2,5.0,1.8,0.3,1.8,2.0,7.3
Rudy Gobert,33.0,MIN,C,12.0,12.0,31.0,2.8,5.8,0.493,0.0,0.2,0.0,2.8,5.6,0.507,0.493,1.5,3.2,0.474,3.5,5.8,9.3,2.3,1.2,1.1,1.3,2.8,7.2
Shaedon Sharpe,22.0,POR,SG,5.0,0.0,13.4,2.8,6.8,0.412,0.6,2.2,0.273,2.2,4.6,0.478,0.456,1.0,1.6,0.625,0.6,1.0,1.6,0.6,0.4,0.4,0.0,1.0,7.2
Toumani Camara,25.0,POR,PF,5.0,5.0,33.0,2.2,7.6,0.289,1.4,5.4,0.259,0.8,2.2,0.364,0.382,1.2,1.2,1.0,1.6,3.8,5.4,1.2,1.4,0.6,1.4,2.6,7.0
Donovan Clingan,21.0,POR,C,5.0,5.0,21.4,2.8,9.2,0.304,1.0,5.0,0.2,1.8,4.2,0.429,0.359,0.4,0.8,0.5,2.8,5.0,7.8,2.2,0.2,0.6,0.6,2.8,7.0
Jakob Poeltl,30.0,TOR,C,7.0,7.0,19.1,2.9,4.4,0.645,0.0,0.0,,2.9,4.4,0.645,0.645,1.3,2.0,0.643,1.7,4.3,6.0,1.4,0.9,0.9,0.9,2.7,7.0
Quentin Grimes,25.0,PHI,SG,11.0,0.0,22.1,2.1,5.3,0.397,1.3,3.2,0.4,0.8,2.1,0.391,0.517,1.3,1.5,0.875,0.2,2.5,2.7,2.3,0.3,0.5,0.5,1.9,6.7
Spencer Jones,24.0,DEN,SF,6.0,3.0,24.2,2.2,3.2,0.684,1.5,2.2,0.692,0.7,1.0,0.667,0.921,0.7,0.8,0.8,0.5,1.5,2.0,0.3,0.7,1.2,0.7,3.3,6.5
Bruce Brown,29.0,DEN,SG,6.0,0.0,19.3,2.5,5.7,0.441,0.5,1.8,0.273,2.0,3.8,0.522,0.485,0.8,1.5,0.556,0.5,2.2,2.7,1.7,1.7,0.0,1.5,2.7,6.3
Nikola Vučević,35.0,BOS,C,6.0,0.0,19.0,2.3,6.2,0.378,1.2,4.0,0.292,1.2,2.2,0.538,0.473,0.3,0.7,0.5,0.8,3.5,4.3,2.3,0.2,0.5,1.3,2.5,6.2
Jase Richardson,20.0,ORL,SG,1.0,0.0,3.0,2.0,2.0,1.0,2.0,2.0,1.0,0.0,0.0,,1.5,0.0,0.0,,0.0,0.0,0.0,0.0,0.0,0.0,0.0,0.0,6.0
Landry Shamet,28.0,NYK,SG,19.0,0.0,16.3,2.1,4.5,0.453,1.5,3.2,0.475,0.5,1.3,0.4,0.622,0.4,0.5,0.778,0.3,0.8,1.1,0.7,0.2,0.1,0.4,1.7,6.0
Caris LeVert,31.0,DET,SG,13.0,0.0,16.6,2.2,5.0,0.446,0.8,2.1,0.37,1.5,2.9,0.5,0.523,0.7,0.8,0.9,0.5,1.8,2.2,1.2,0.6,0.5,0.6,1.5,5.9
Jaxson Hayes,25.0,LAL,C,10.0,0.0,16.3,1.9,2.8,0.679,0.0,0.1,0.0,1.9,2.7,0.704,0.679,1.9,2.7,0.704,1.5,1.7,3.2,0.7,0.3,0.8,1.0,2.7,5.7
Miles McBride,25.0,NYK,SG,19.0,2.0,17.6,1.8,5.5,0.333,1.6,4.2,0.375,0.3,1.3,0.2,0.476,0.4,0.4,0.875,0.5,0.7,1.2,1.2,0.4,0.2,0.5,1.8,5.6
Luguentz Dort,26.0,OKC,SF,15.0,15.0,22.3,2.0,5.5,0.366,1.3,4.3,0.308,0.7,1.1,0.588,0.488,0.1,0.3,0.5,0.7,2.0,2.7,1.3,0.5,0.1,0.5,2.7,5.5
Dennis Schröder,32.0,CLE,PG,17.0,0.0,15.9,1.9,4.9,0.381,0.6,1.9,0.333,1.2,3.0,0.412,0.446,1.1,1.4,0.792,0.2,1.2,1.5,2.4,0.4,0.2,1.4,1.4,5.5
Buddy Hield,33.0,ATL,SG,2.0,0.0,6.5,2.0,2.5,0.8,1.0,1.0,1.0,1.0,1.5,0.667,1.0,0.0,0.0,,0.0,1.0,1.0,0.0,0.0,0.0,1.0,0.0,5.0
Sandro Mamukelashvili,26.0,TOR,C,7.0,0.0,14.9,2.0,5.0,0.4,0.6,2.0,0.286,1.4,3.0,0.476,0.457,0.4,1.0,0.429,1.6,3.4,5.0,1.0,0.7,0.4,0.6,1.7,5.0
Zeke Nnaji,25.0,DEN,PF,2.0,0.0,9.5,1.0,1.0,1.0,0.5,0.5,1.0,0.5,0.5,1.0,1.25,2.5,3.0,0.833,0.5,1.0,1.5,0.5,0.5,0.0,0.0,1.5,5.0
Jordan Clarkson,33.0,NYK,SG,18.0,0.0,10.8,1.9,4.3,0.455,0.2,1.1,0.211,1.7,3.2,0.534,0.481,0.8,1.1,0.789,1.0,0.7,1.7,0.6,0.2,0.1,0.9,1.4,4.9
Jaylin Williams,23.0,OKC,PF,15.0,0.0,16.0,1.7,4.3,0.4,1.2,3.3,0.36,0.5,1.0,0.533,0.538,0.3,0.4,0.667,0.5,3.7,4.1,1.5,0.5,0.2,0.4,2.1,4.9
Jamison Battle,24.0,TOR,SF,6.0,0.0,11.8,1.8,3.2,0.579,1.2,1.8,0.636,0.7,1.3,0.5,0.763,0.0,0.0,,0.5,1.3,1.8,0.2,0.0,0.0,0.2,1.0,4.8
Isaiah Joe,26.0,OKC,SG,13.0,0.0,11.0,1.8,4.2,0.418,1.2,3.5,0.348,0.5,0.7,0.778,0.564,0.1,0.1,1.0,0.4,1.0,1.4,1.1,0.5,0.1,0.4,1.3,4.8
Josh Okogie,27.0,HOU,SG,6.0,2.0,17.3,1.8,4.2,0.44,0.8,2.2,0.385,1.0,2.0,0.5,0.54,0.3,0.3,1.0,1.0,1.3,2.3,0.8,1.2,0.0,0.5,2.0,4.8
Mitchell Robinson,27.0,NYK,C,18.0,0.0,13.9,1.9,2.9,0.673,0.0,0.0,,1.9,2.9,0.673,0.673,0.9,3.2,0.293,2.6,2.9,5.5,0.4,0.4,0.6,0.4,1.5,4.8
Jamal Cain,26.0,ORL,SF,7.0,3.0,17.6,1.7,4.1,0.414,0.4,1.7,0.25,1.3,2.4,0.529,0.466,0.7,1.6,0.455,1.0,2.4,3.4,0.6,0.3,0.4,0.7,2.0,4.6
Bones Hyland,25.0,MIN,PG,10.0,0.0,11.6,1.5,5.0,0.3,0.9,3.4,0.265,0.6,1.6,0.375,0.39,0.7,0.8,0.875,0.3,1.0,1.3,1.5,0.4,0.1,0.8,1.1,4.6
Marcus Sasser,25.0,DET,PG,6.0,0.0,10.2,1.8,3.8,0.478,0.8,2.3,0.357,1.0,1.5,0.667,0.587,0.0,0.0,,0.5,0.3,0.8,0.5,0.5,0.0,0.3,0.7,4.5
Mike Conley,38.0,MIN,PG,12.0,5.0,14.0,1.6,3.2,0.5,1.1,2.2,0.5,0.5,1.0,0.5,0.671,0.2,0.2,1.0,0.1,1.2,1.3,2.7,0.7,0.0,0.4,1.3,4.4
Luka Garza,27.0,BOS,C,7.0,1.0,8.4,1.4,2.9,0.5,0.6,1.9,0.308,0.9,1.0,0.857,0.6,1.0,1.1,0.875,1.0,0.7,1.7,0.9,0.0,0.1,0.1,2.0,4.4
Dean Wade,29.0,CLE,PF,18.0,14.0,22.6,1.7,3.6,0.462,1.0,2.7,0.375,0.7,0.9,0.706,0.6,0.1,0.2,0.333,1.3,2.6,3.9,0.8,0.7,0.1,0.6,1.2,4.4
Baylor Scheierman,25.0,BOS,SG,7.0,1.0,14.1,1.6,3.7,0.423,1.1,3.0,0.381,0.4,0.7,0.6,0.577,0.0,0.0,,1.0,1.9,2.9,0.6,0.9,0.1,0.3,1.1,4.3
Gabe Vincent,29.0,ATL,PG,6.0,0.0,15.5,1.3,3.7,0.364,1.0,3.0,0.333,0.3,0.7,0.5,0.5,0.7,0.8,0.8,0.5,0.0,0.5,1.2,0.3,0.2,0.5,1.7,4.3
Jose Alvarado,27.0,NYK,PG,18.0,0.0,9.4,1.6,3.7,0.433,0.7,1.9,0.353,0.9,1.8,0.515,0.522,0.3,0.3,0.833,0.1,1.3,1.4,1.2,0.6,0.1,0.6,1.2,4.2
Tristan Da Silva,24.0,ORL,SF,7.0,0.0,15.3,1.6,4.1,0.379,0.7,2.3,0.313,0.9,1.9,0.462,0.466,0.3,0.6,0.5,1.0,1.9,2.9,0.1,0.1,0.0,0.7,1.1,4.1
Jaylon Tyson,23.0,CLE,SG,17.0,0.0,12.7,1.5,4.1,0.362,0.5,2.2,0.237,0.9,1.8,0.516,0.428,0.6,0.9,0.667,0.8,2.0,2.8,1.3,0.2,0.1,0.6,1.5,4.1
Isaiah Stewart,24.0,DET,C,14.0,0.0,11.8,1.4,2.4,0.588,0.3,0.6,0.5,1.1,1.9,0.615,0.647,0.9,1.2,0.706,0.9,1.5,2.4,0.2,0.1,1.0,0.6,2.6,4.0
Andre Drummond,32.0,PHI,C,11.0,1.0,12.9,1.5,2.1,0.696,0.4,0.7,0.5,1.1,1.4,0.8,0.783,0.6,0.9,0.7,1.1,3.2,4.3,0.6,0.4,0.2,0.8,2.5,3.9
Luke Kornet,30.0,SAS,C,23.0,1.0,12.9,1.4,2.5,0.569,0.0,0.0,1.0,1.4,2.5,0.561,0.578,0.7,1.0,0.773,1.7,2.2,3.9,0.7,0.6,0.7,0.5,1.8,3.7
Zaccharie Risacher,20.0,ATL,SF,3.0,0.0,7.7,1.7,4.7,0.357,0.3,1.7,0.2,1.3,3.0,0.444,0.393,0.0,0.0,,1.3,1.7,3.0,0.0,0.0,0.0,0.0,0.7,3.7
Johni Broome,23.0,PHI,C,2.0,0.0,4.0,1.5,3.0,0.5,0.5,2.0,0.25,1.0,1.0,1.0,0.583,0.0,0.0,,0.5,0.5,1.0,0.5,0.0,0.0,0.0,0.0,3.5
Tyler Kolek,24.0,NYK,PG,8.0,0.0,6.6,1.4,3.1,0.44,0.5,1.1,0.444,0.9,2.0,0.438,0.52,0.3,0.3,1.0,0.1,0.6,0.8,1.5,0.0,0.1,0.4,0.4,3.5
Justin Edwards,22.0,PHI,SF,9.0,0.0,12.1,1.2,3.6,0.344,0.4,2.0,0.222,0.8,1.6,0.5,0.406,0.4,0.8,0.571,0.7,1.6,2.2,0.4,0.0,0.1,0.7,1.7,3.3
Jake LaRavia,24.0,LAL,PF,8.0,0.0,14.3,1.1,3.4,0.333,0.3,0.9,0.286,0.9,2.5,0.35,0.37,0.8,0.8,1.0,1.1,1.0,2.1,0.8,0.5,0.8,1.4,2.0,3.3
Joan Beringer,19.0,MIN,PF,5.0,0.0,4.6,1.0,1.8,0.556,0.0,0.0,,1.0,1.8,0.556,0.556,1.2,1.6,0.75,1.0,1.2,2.2,0.0,0.4,0.4,0.6,0.0,3.2
Kenrich Williams,31.0,OKC,PF,11.0,0.0,6.5,1.1,2.8,0.387,0.5,1.7,0.316,0.5,1.1,0.5,0.484,0.4,0.4,1.0,0.5,1.3,1.8,0.5,0.1,0.0,0.2,0.6,3.1
Tyus Jones,29.0,DEN,PG,3.0,0.0,10.0,1.3,2.7,0.5,0.0,0.3,0.0,1.3,2.3,0.571,0.5,0.3,0.7,0.5,0.0,0.0,0.0,1.7,0.7,0.0,0.0,1.0,3.0
Julian Strawther,23.0,DEN,SG,2.0,0.0,9.0,1.0,3.5,0.286,0.5,1.5,0.333,0.5,2.0,0.25,0.357,0.5,1.0,0.5,0.5,1.0,1.5,0.0,0.0,0.0,1.0,1.0,3.0
Dominick Barlow,22.0,PHI,PF,9.0,0.0,10.7,1.1,1.9,0.588,0.0,0.1,0.0,1.1,1.8,0.625,0.588,0.7,0.8,0.857,0.7,1.0,1.7,0.1,0.2,0.4,0.2,1.0,2.9
Pacôme Dadiet,20.0,NYK,SG,7.0,0.0,5.7,1.1,2.3,0.5,0.4,1.1,0.375,0.7,1.1,0.625,0.594,0.1,0.3,0.5,0.3,0.7,1.0,0.4,0.3,0.0,0.3,0.1,2.9
Jarred Vanderbilt,26.0,LAL,PF,7.0,0.0,10.7,1.3,3.1,0.409,0.1,1.3,0.111,1.1,1.9,0.615,0.432,0.1,0.4,0.333,0.7,2.7,3.4,0.3,0.3,0.0,0.1,1.7,2.9
Trendon Watford,25.0,PHI,PF,7.0,0.0,5.7,1.0,1.6,0.636,0.0,0.1,0.0,1.0,1.4,0.7,0.636,0.9,1.1,0.75,0.0,0.4,0.4,0.4,0.4,0.0,0.3,0.3,2.9
Goga Bitadze,26.0,ORL,C,6.0,0.0,13.8,1.0,2.5,0.4,0.0,0.0,,1.0,2.5,0.4,0.4,0.8,1.2,0.714,2.2,1.8,4.0,0.3,0.3,1.7,0.7,2.3,2.8
Tony Bradley,28.0,ATL,C,4.0,0.0,10.3,0.8,1.0,0.75,0.3,0.3,1.0,0.5,0.8,0.667,0.875,1.0,1.5,0.667,0.3,2.5,2.8,0.8,0.5,0.8,0.3,1.8,2.8
Sidy Cissoko,21.0,POR,SF,4.0,0.0,6.5,1.0,2.5,0.4,0.5,1.3,0.4,0.5,1.3,0.4,0.5,0.3,0.3,1.0,0.5,0.8,1.3,0.3,1.0,0.0,0.3,1.0,2.8
Kelly Olynyk,34.0,SAS,C,9.0,0.0,3.9,0.9,1.7,0.533,0.6,0.9,0.625,0.3,0.8,0.429,0.7,0.4,0.8,0.571,0.0,0.8,0.8,0.3,0.4,0.0,0.4,0.3,2.8
Jonas Valančiūnas,33.0,DEN,C,4.0,0.0,6.3,1.3,1.8,0.714,0.0,0.0,,1.3,1.8,0.714,0.714,0.3,0.5,0.5,0.8,1.5,2.3,0.3,0.0,0.3,1.3,2.8,2.8
Javonte Green,32.0,DET,SG,11.0,0.0,12.0,0.8,2.7,0.3,0.6,2.5,0.259,0.2,0.3,0.667,0.417,0.5,0.5,0.833,0.2,1.6,1.8,0.3,0.5,0.5,0.3,1.3,2.7
Aaron Holiday,29.0,HOU,PG,6.0,0.0,11.2,1.0,3.7,0.273,0.7,2.5,0.267,0.3,1.2,0.286,0.364,0.0,0.0,,0.0,0.3,0.3,0.5,0.3,0.2,0.5,1.0,2.7
Nick Smith Jr.,21.0,LAL,SG,6.0,0.0,3.0,1.0,2.3,0.429,0.5,1.2,0.429,0.5,1.2,0.429,0.536,0.2,0.3,0.5,0.0,0.2,0.2,0.2,0.2,0.2,0.2,0.0,2.7
Adem Bona,22.0,PHI,C,10.0,3.0,9.6,0.8,1.6,0.5,0.0,0.0,,0.8,1.6,0.5,0.5,1.0,1.6,0.625,1.1,1.0,2.1,0.1,0.1,0.7,1.1,2.3,2.6
Carter Bryant,20.0,SAS,PF,22.0,0.0,8.5,1.0,2.0,0.5,0.5,1.3,0.414,0.5,0.7,0.667,0.636,0.1,0.3,0.333,0.4,1.3,1.7,0.7,0.1,0.3,0.6,1.8,2.6
Jeremy Sochan,22.0,NYK,PF,8.0,0.0,3.3,0.9,1.1,0.778,0.1,0.3,0.5,0.8,0.9,0.857,0.833,0.6,1.0,0.625,0.1,0.5,0.6,0.3,0.1,0.1,0.1,0.3,2.5
Moritz Wagner,28.0,ORL,C,2.0,0.0,6.5,0.5,2.0,0.25,0.5,0.5,1.0,0.0,1.5,0.0,0.375,1.0,1.0,1.0,0.5,1.0,1.5,0.0,0.0,0.0,0.5,1.5,2.5
Harrison Barnes,33.0,SAS,PF,20.0,0.0,9.2,0.7,2.0,0.333,0.3,1.3,0.231,0.4,0.7,0.538,0.41,0.7,0.9,0.824,0.8,0.5,1.3,0.3,0.1,0.1,0.3,0.4,2.3
Rasheer Fleming,21.0,PHO,PF,4.0,0.0,4.5,0.8,1.3,0.6,0.8,1.3,0.6,0.0,0.0,,0.9,0.0,0.0,,0.3,0.0,0.3,0.0,0.5,0.3,0.3,0.5,2.3
Joe Ingles,38.0,MIN,SF,3.0,0.0,4.7,0.7,1.0,0.667,0.7,1.0,0.667,0.0,0.0,,1.0,0.3,0.7,0.5,0.3,0.3,0.7,0.0,0.7,0.0,0.3,0.0,2.3
Corey Kispert,26.0,ATL,SF,5.0,0.0,10.8,0.8,4.4,0.182,0.2,2.4,0.083,0.6,2.0,0.3,0.205,0.4,0.6,0.667,0.6,1.0,1.6,1.2,0.4,0.0,0.6,1.6,2.2
Dorian Finney-Smith,32.0,HOU,PF,4.0,0.0,12.3,0.5,3.5,0.143,0.5,2.8,0.182,0.0,0.8,0.0,0.214,0.5,0.5,1.0,0.3,1.8,2.0,0.3,0.3,0.3,0.5,1.5,2.0
Jordan Goodwin,27.0,PHO,PG,1.0,1.0,5.0,1.0,4.0,0.25,0.0,3.0,0.0,1.0,1.0,1.0,0.25,0.0,0.0,,0.0,0.0,0.0,0.0,0.0,0.0,0.0,2.0,2.0
Dalton Knecht,24.0,LAL,SF,5.0,0.0,3.6,0.6,1.6,0.375,0.4,1.0,0.4,0.2,0.6,0.333,0.5,0.4,0.4,1.0,0.0,1.2,1.2,0.6,0.0,0.0,0.2,0.0,2.0
Khaman Maluach,19.0,PHO,C,4.0,0.0,11.3,1.0,2.0,0.5,0.0,0.3,0.0,1.0,1.8,0.571,0.5,0.0,0.0,,0.5,1.8,2.3,0.0,0.0,0.0,0.8,1.0,2.0
Jae'Sean Tate,30.0,HOU,SF,5.0,0.0,6.0,0.6,2.0,0.3,0.0,0.8,0.0,0.6,1.2,0.5,0.3,0.8,1.2,0.667,1.2,0.8,2.0,0.0,0.2,0.0,0.0,1.6,2.0
Keaton Wallace,26.0,ATL,PG,3.0,0.0,5.0,0.7,2.7,0.25,0.0,1.0,0.0,0.7,1.7,0.4,0.25,0.7,0.7,1.0,0.0,1.0,1.0,1.0,0.3,0.0,0.0,0.3,2.0
Kyle Anderson,32.0,MIN,SF,8.0,0.0,7.6,0.8,2.1,0.353,0.0,0.1,0.0,0.8,2.0,0.375,0.353,0.4,1.0,0.375,0.3,0.6,0.9,1.9,0.3,0.0,0.8,0.8,1.9
Thomas Bryant,28.0,CLE,C,9.0,0.0,4.6,0.7,2.3,0.286,0.2,1.3,0.167,0.4,1.0,0.444,0.333,0.3,0.3,1.0,0.3,0.9,1.2,0.2,0.2,0.1,0.2,0.4,1.9
Jordan McLaughlin,29.0,SAS,PG,10.0,0.0,4.6,0.7,1.1,0.636,0.3,0.5,0.6,0.4,0.6,0.667,0.773,0.2,0.2,1.0,0.2,0.6,0.8,1.0,0.2,0.0,0.2,0.3,1.9
Dalen Terry,23.0,PHI,SG,7.0,0.0,5.6,0.6,1.9,0.308,0.3,0.7,0.4,0.3,1.1,0.25,0.385,0.4,1.0,0.429,0.0,0.6,0.6,1.0,0.7,0.0,0.3,0.4,1.9
Ron Harper Jr.,25.0,BOS,SF,6.0,1.0,4.2,0.7,1.5,0.444,0.5,1.0,0.5,0.2,0.5,0.333,0.611,0.0,0.0,,0.2,0.5,0.7,0.2,0.5,0.0,0.0,0.2,1.8
Matisse Thybulle,28.0,POR,SG,4.0,0.0,13.3,0.5,3.5,0.143,0.3,2.8,0.091,0.3,0.8,0.333,0.179,0.5,0.5,1.0,0.3,1.8,2.0,1.0,0.8,0.8,0.0,0.8,1.8
Jaylen Clark,24.0,MIN,SG,6.0,0.0,9.5,0.5,2.0,0.25,0.3,1.3,0.25,0.2,0.7,0.25,0.333,0.3,0.3,1.0,0.3,0.8,1.2,0.5,0.2,0.2,0.0,1.0,1.7
Mouhamed Gueye,23.0,ATL,PF,6.0,0.0,8.3,0.7,2.3,0.286,0.2,1.7,0.1,0.5,0.7,0.75,0.321,0.2,0.3,0.5,0.8,0.8,1.7,0.7,0.2,0.0,0.2,1.5,1.7
Ariel Hukporti,23.0,NYK,C,10.0,0.0,7.6,0.5,1.1,0.455,0.0,0.1,0.0,0.5,1.0,0.5,0.455,0.7,1.5,0.467,1.4,1.8,3.2,0.3,0.2,0.7,0.5,1.8,1.7
A.J. Lawson,25.0,TOR,SG,7.0,0.0,7.3,0.6,2.3,0.25,0.3,1.1,0.25,0.3,1.1,0.25,0.313,0.3,0.3,1.0,0.0,0.4,0.4,0.6,0.0,0.3,0.3,1.1,1.7
Jordan Walsh,21.0,BOS,PF,7.0,0.0,12.7,0.6,2.7,0.211,0.3,1.7,0.167,0.3,1.0,0.286,0.263,0.3,0.9,0.333,0.9,1.7,2.6,1.0,0.6,0.3,0.0,0.7,1.7
Lindy Waters III,28.0,SAS,SG,9.0,0.0,3.8,0.7,1.4,0.462,0.3,0.9,0.375,0.3,0.6,0.6,0.577,0.0,0.0,,0.3,0.3,0.7,0.4,0.2,0.0,0.1,0.2,1.7
Keon Ellis,26.0,CLE,SG,12.0,0.0,7.4,0.4,1.3,0.333,0.4,1.2,0.357,0.0,0.1,0.0,0.5,0.3,0.4,0.8,0.3,0.9,1.2,0.3,0.6,0.1,0.5,0.8,1.6
Clint Capela,31.0,HOU,C,4.0,0.0,5.5,0.8,2.0,0.375,0.0,0.0,,0.8,2.0,0.375,0.375,0.0,0.0,,1.3,0.5,1.8,0.3,0.0,0.3,0.3,0.3,1.5
Bronny James,21.0,LAL,SG,8.0,0.0,5.3,0.6,1.3,0.5,0.3,0.8,0.333,0.4,0.5,0.75,0.6,0.0,0.0,,0.4,0.0,0.4,0.9,0.1,0.0,0.5,0.6,1.5
Max Shulga,23.0,BOS,SG,2.0,0.0,2.5,0.5,1.0,0.5,0.5,1.0,0.5,0.0,0.0,,0.75,0.0,0.0,,0.0,0.0,0.0,0.0,0.0,0.0,0.0,0.5,1.5
Adou Thiero,21.0,LAL,SF,6.0,0.0,5.7,0.5,1.0,0.5,0.0,0.3,0.0,0.5,0.7,0.75,0.5,0.5,1.0,0.5,0.8,1.2,2.0,0.2,0.0,0.0,0.7,0.8,1.5
Aaron Wiggins,27.0,OKC,SG,13.0,0.0,5.8,0.7,1.9,0.36,0.1,0.7,0.111,0.6,1.2,0.5,0.38,0.0,0.0,,0.1,0.3,0.4,0.4,0.1,0.1,0.3,0.3,1.5
Ron Holland,20.0,DET,SF,9.0,0.0,6.4,0.4,1.4,0.308,0.2,0.9,0.25,0.2,0.6,0.4,0.385,0.3,0.6,0.6,0.1,1.4,1.6,0.1,0.4,0.2,0.3,1.0,1.4
Jamaree Bouyea,26.0,PHO,PG,4.0,0.0,2.5,0.5,1.0,0.5,0.0,0.0,,0.5,1.0,0.5,0.5,0.3,0.5,0.5,0.3,0.5,0.8,0.3,0.3,0.0,0.0,0.0,1.3
Jonathan Mogbo,24.0,TOR,PF,3.0,0.0,1.3,0.7,0.7,1.0,0.0,0.0,,0.7,0.7,1.0,1.0,0.0,0.0,,0.0,0.0,0.0,0.0,0.0,0.0,0.0,0.3,1.3
Tolu Smith,25.0,DET,PF,3.0,0.0,2.3,0.7,0.7,1.0,0.0,0.0,,0.7,0.7,1.0,1.0,0.0,0.0,,0.0,0.7,0.7,0.0,0.3,0.0,0.3,0.0,1.3
Nae'Qwan Tomlin,25.0,CLE,PF,7.0,0.0,2.7,0.6,0.9,0.667,0.0,0.0,,0.6,0.9,0.667,0.667,0.1,0.3,0.5,0.6,0.1,0.7,0.3,0.1,0.0,0.1,0.4,1.3
Mohamed Diawara,20.0,NYK,SF,6.0,0.0,7.2,0.5,2.2,0.231,0.2,1.0,0.167,0.3,1.2,0.286,0.269,0.0,0.0,,0.2,1.3,1.5,1.0,0.2,0.0,0.5,0.5,1.2
Kevin Huerter,27.0,DET,SG,5.0,0.0,9.2,0.4,1.4,0.286,0.4,1.0,0.4,0.0,0.4,0.0,0.429,0.0,0.0,,0.0,1.0,1.0,1.4,0.4,0.0,0.4,0.4,1.2
Julian Phillips,22.0,MIN,SF,5.0,0.0,5.0,0.4,1.2,0.333,0.4,0.8,0.5,0.0,0.4,0.0,0.5,0.0,0.0,,0.0,0.2,0.2,0.4,0.4,0.0,0.2,0.2,1.2
Dalano Banton,26.0,BOS,PG,2.0,0.0,2.0,0.5,0.5,1.0,0.0,0.0,,0.5,0.5,1.0,1.0,0.0,0.0,,0.0,0.0,0.0,0.0,0.0,0.0,0.0,0.0,1.0
JD Davison,23.0,HOU,PG,2.0,0.0,2.5,0.0,0.0,,0.0,0.0,,0.0,0.0,,,1.0,1.0,1.0,0.0,1.0,1.0,0.0,0.0,0.0,1.0,0.0,1.0
Kris Murray,25.0,POR,SF,5.0,0.0,5.0,0.4,0.8,0.5,0.0,0.4,0.0,0.4,0.4,1.0,0.5,0.2,0.4,0.5,0.2,0.4,0.6,0.0,0.0,0.0,0.6,0.6,1.0
Asa Newell,20.0,ATL,PF,2.0,0.0,5.5,0.5,1.0,0.5,0.0,0.0,,0.5,1.0,0.5,0.5,0.0,0.0,,0.0,0.0,0.0,0.5,0.5,0.5,0.0,0.5,1.0
Amari Williams,24.0,BOS,PF,1.0,0.0,2.0,0.0,1.0,0.0,0.0,0.0,,0.0,1.0,0.0,0.0,1.0,2.0,0.5,1.0,0.0,1.0,0.0,0.0,0.0,0.0,0.0,1.0
Bismack Biyombo,33.0,SAS,C,9.0,0.0,2.8,0.3,0.8,0.429,0.0,0.0,,0.3,0.8,0.429,0.429,0.0,0.0,,0.1,0.2,0.3,0.0,0.0,0.2,0.2,0.4,0.7
Jevon Carter,30.0,ORL,PG,3.0,0.0,5.7,0.3,1.3,0.25,0.0,0.7,0.0,0.3,0.7,0.5,0.25,0.0,0.0,,0.3,0.3,0.7,0.7,0.3,0.0,0.0,0.0,0.7
Trayce Jackson-Davis,25.0,TOR,C,3.0,0.0,1.3,0.0,0.3,0.0,0.0,0.0,,0.0,0.3,0.0,0.0,0.7,0.7,1.0,0.3,0.0,0.3,0.0,0.0,0.0,0.3,0.7,0.7
Chaz Lanier,24.0,DET,SG,3.0,0.0,2.7,0.3,1.0,0.333,0.0,0.3,0.0,0.3,0.7,0.5,0.333,0.0,0.0,,0.0,0.0,0.0,0.3,0.0,0.0,0.0,0.0,0.7
Mason Plumlee,35.0,SAS,C,6.0,0.0,3.0,0.3,0.5,0.667,0.0,0.0,,0.3,0.5,0.667,0.667,0.0,0.0,,0.0,0.7,0.7,0.3,0.0,0.5,0.2,0.7,0.7
Jabari Walker,23.0,PHI,PF,6.0,0.0,4.8,0.2,1.7,0.1,0.0,0.8,0.0,0.2,0.8,0.2,0.1,0.3,0.3,1.0,0.3,0.7,1.0,0.0,0.0,0.0,0.2,0.5,0.7
Vít Krejčí,25.0,POR,PG,4.0,0.0,4.0,0.3,1.0,0.25,0.0,0.8,0.0,0.3,0.3,1.0,0.25,0.0,0.0,,0.0,0.3,0.3,0.5,0.0,0.0,0.0,0.8,0.5
Jalen Pickett,26.0,DEN,SG,2.0,0.0,2.0,0.0,0.0,,0.0,0.0,,0.0,0.0,,,0.5,1.0,0.5,0.0,0.0,0.0,0.5,0.0,0.0,0.0,0.0,0.5
Tyrese Proctor,21.0,CLE,PG,4.0,0.0,3.3,0.0,0.5,0.0,0.0,0.5,0.0,0.0,0.0,,0.0,0.5,0.5,1.0,0.0,0.3,0.3,0.5,0.0,0.0,0.5,0.3,0.5
Nikola Topić,20.0,OKC,PG,9.0,0.0,2.4,0.2,0.7,0.333,0.0,0.2,0.0,0.2,0.4,0.5,0.333,0.0,0.0,,0.0,0.2,0.2,0.3,0.2,0.0,0.2,0.1,0.4
Maxi Kleber,34.0,LAL,PF,3.0,0.0,4.7,0.0,0.3,0.0,0.0,0.0,,0.0,0.3,0.0,0.0,0.3,0.7,0.5,0.7,0.0,0.7,1.0,0.3,0.0,0.7,0.7,0.3
Craig Porter Jr.,25.0,CLE,PG,7.0,0.0,3.0,0.1,0.4,0.333,0.0,0.1,0.0,0.1,0.3,0.5,0.333,0.0,0.0,,0.0,0.4,0.4,0.6,0.0,0.0,0.6,0.1,0.3
Blake Wesley,22.0,POR,SG,4.0,0.0,1.3,0.0,0.0,,0.0,0.0,,0.0,0.0,,,0.3,0.5,0.5,0.0,0.0,0.0,0.0,0.0,0.0,0.3,0.0,0.3
Amir Coffey,28.0,PHO,SG,4.0,0.0,1.5,0.0,0.0,,0.0,0.0,,0.0,0.0,,,0.0,0.0,,0.0,0.0,0.0,0.0,0.0,0.0,0.5,0.0,0.0
Gradey Dick,22.0,TOR,SG,3.0,0.0,1.3,0.0,0.0,,0.0,0.0,,0.0,0.0,,,0.0,0.0,,0.0,0.3,0.3,0.0,0.0,0.0,0.0,0.0,0.0
Ryan Dunn,23.0,PHO,SF,4.0,0.0,8.5,0.0,1.0,0.0,0.0,1.0,0.0,0.0,0.0,,0.0,0.0,0.0,,0.0,1.5,1.5,0.5,0.0,0.0,0.8,0.5,0.0
Hugo González,19.0,BOS,SF,4.0,0.0,4.8,0.0,0.8,0.0,0.0,0.8,0.0,0.0,0.0,,0.0,0.0,0.5,0.0,0.3,0.8,1.0,0.5,0.0,0.3,0.3,1.0,0.0
Jeff Green,39.0,HOU,PF,2.0,0.0,5.5,0.0,1.0,0.0,0.0,0.5,0.0,0.0,0.5,0.0,0.0,0.0,0.0,,0.0,0.0,0.0,0.0,0.0,0.0,0.5,0.5,0.0
Yang Hansen,20.0,POR,C,4.0,0.0,1.3,0.0,0.5,0.0,0.0,0.5,0.0,0.0,0.0,,0.0,0.0,0.0,,0.0,0.3,0.3,0.0,0.0,0.0,0.0,0.0,0.0
Haywood Highsmith,29.0,PHO,SF,2.0,0.0,5.5,0.0,1.0,0.0,0.0,1.0,0.0,0.0,0.0,,0.0,0.0,0.0,,0.5,1.0,1.5,0.5,0.0,0.0,1.0,0.0,0.0
DaRon Holmes,23.0,DEN,PF,2.0,0.0,2.0,0.0,0.0,,0.0,0.0,,0.0,0.0,,,0.0,0.0,,0.0,1.0,1.0,0.0,0.0,0.0,0.0,0.0,0.0
Jett Howard,22.0,ORL,SF,1.0,0.0,3.0,0.0,2.0,0.0,0.0,2.0,0.0,0.0,0.0,,0.0,0.0,0.0,,0.0,0.0,0.0,0.0,0.0,0.0,0.0,0.0,0.0
Kyle Lowry,39.0,PHI,PG,2.0,0.0,1.5,0.0,0.0,,0.0,0.0,,0.0,0.0,,,0.0,0.0,,0.0,0.5,0.5,0.0,0.0,0.0,0.0,0.5,0.0
Larry Nance Jr.,33.0,CLE,PF,2.0,0.0,2.5,0.0,0.0,,0.0,0.0,,0.0,0.0,,,0.0,0.0,,0.0,0.0,0.0,0.0,0.0,0.0,0.5,0.0,0.0
Noah Penda,21.0,ORL,SF,1.0,0.0,3.0,0.0,0.0,,0.0,0.0,,0.0,0.0,,,0.0,0.0,,0.0,1.0,1.0,0.0,0.0,0.0,0.0,0.0,0.0
Garrett Temple,39.0,TOR,SG,2.0,0.0,1.0,0.0,0.5,0.0,0.0,0.0,,0.0,0.5,0.0,0.0,0.0,0.0,,0.0,0.0,0.0,0.5,0.0,0.0,0.0,0.0,0.0
